donor_id,lens_id,native_material,native_nd,native_Vd,mapping_method,dji_candidate,dji_nd,dji_Vd,nd_error,Vd_error,D_ndvd,role_penalty,type_penalty,D_total,mapping_score,rank,notes
US7023628B1,L1,MODEL_1.910000_35.470,1.910000,35.470000,nearest_ndvd,H-ZLAF4LB,1.910820,35.282389,0.000820,0.187611,0.017581,0.0,0.0,0.017581,0.982419,1,DJI_LIBRARY_INCOMPLETE; analytical candidate only; substitution not executed
US7023628B1,L1,MODEL_1.910000_35.470,1.910000,35.470000,nearest_ndvd,H-ZLAF4LA,1.910820,35.250340,0.000820,0.219660,0.019183,0.0,0.0,0.019183,0.980817,2,DJI_LIBRARY_INCOMPLETE; analytical candidate only; substitution not executed
US7023628B1,L1,MODEL_1.910000_35.470,1.910000,35.470000,nearest_ndvd,TAFD35,1.910820,35.250000,0.000820,0.220000,0.019200,0.0,0.0,0.019200,0.980800,3,DJI_LIBRARY_INCOMPLETE; analytical candidate only; substitution not executed
US7023628B1,L1,MODEL_1.910000_35.470,1.910000,35.470000,role_aware,TAFD33,1.881000,40.140000,0.029000,4.670000,0.523500,0.0,0.2,0.723500,0.276500,1,DJI_LIBRARY_INCOMPLETE; analytical candidate only; substitution not executed
US7023628B1,L1,MODEL_1.910000_35.470,1.910000,35.470000,role_aware,H-ZLAF73,1.881000,40.161331,0.029000,4.691331,0.524567,0.0,0.2,0.724567,0.275433,2,DJI_LIBRARY_INCOMPLETE; analytical candidate only; substitution not executed
US7023628B1,L1,MODEL_1.910000_35.470,1.910000,35.470000,role_aware,H-ZLAF68B,1.883004,40.806875,0.026996,5.336875,0.536804,0.0,0.2,0.736804,0.263196,3,DJI_LIBRARY_INCOMPLETE; analytical candidate only; substitution not executed
US7023628B1,L2,MODEL_1.816000_46.610,1.816000,46.610000,nearest_ndvd,TAF5,1.816000,46.570000,0.000000,0.040000,0.002000,0.0,0.0,0.002000,0.998000,1,DJI_LIBRARY_INCOMPLETE; analytical candidate only; substitution not executed
US7023628B1,L2,MODEL_1.816000_46.610,1.816000,46.610000,nearest_ndvd,H-ZLAF69A,1.816000,46.556066,0.000000,0.053934,0.002697,0.0,0.0,0.002697,0.997303,2,DJI_LIBRARY_INCOMPLETE; analytical candidate only; substitution not executed
US7023628B1,L2,MODEL_1.816000_46.610,1.816000,46.610000,nearest_ndvd,H-ZLAF69,1.816000,46.549300,0.000000,0.060700,0.003035,0.0,0.0,0.003035,0.996965,3,DJI_LIBRARY_INCOMPLETE; analytical candidate only; substitution not executed
US7023628B1,L2,MODEL_1.816000_46.610,1.816000,46.610000,role_aware,TAF5,1.816000,46.570000,0.000000,0.040000,0.002000,0.8,0.2,1.002000,0.000000,1,DJI_LIBRARY_INCOMPLETE; analytical candidate only; substitution not executed
US7023628B1,L2,MODEL_1.816000_46.610,1.816000,46.610000,role_aware,H-ZLAF69A,1.816000,46.556066,0.000000,0.053934,0.002697,0.8,0.2,1.002697,0.000000,2,DJI_LIBRARY_INCOMPLETE; analytical candidate only; substitution not executed
US7023628B1,L2,MODEL_1.816000_46.610,1.816000,46.610000,role_aware,H-ZLAF69,1.816000,46.549300,0.000000,0.060700,0.003035,0.8,0.2,1.003035,0.000000,3,DJI_LIBRARY_INCOMPLETE; analytical candidate only; substitution not executed
US7023628B1,L3,MODEL_1.917000_21.510,1.917000,21.510000,nearest_ndvd,E-FDS1,1.922860,20.880000,0.005860,0.630000,0.090100,0.0,0.0,0.090100,0.909900,1,DJI_LIBRARY_INCOMPLETE; analytical candidate only; substitution not executed
US7023628B1,L3,MODEL_1.917000_21.510,1.917000,21.510000,nearest_ndvd,E-FDS1-W,1.922860,20.880000,0.005860,0.630000,0.090100,0.0,0.0,0.090100,0.909900,2,DJI_LIBRARY_INCOMPLETE; analytical candidate only; substitution not executed
US7023628B1,L3,MODEL_1.917000_21.510,1.917000,21.510000,nearest_ndvd,M-FDS1,1.922860,20.880000,0.005860,0.630000,0.090100,0.0,0.0,0.090100,0.909900,3,DJI_LIBRARY_INCOMPLETE; analytical candidate only; substitution not executed
US7023628B1,L3,MODEL_1.917000_21.510,1.917000,21.510000,role_aware,E-FDS1,1.922860,20.880000,0.005860,0.630000,0.090100,0.0,0.2,0.290100,0.709900,1,DJI_LIBRARY_INCOMPLETE; analytical candidate only; substitution not executed
US7023628B1,L3,MODEL_1.917000_21.510,1.917000,21.510000,role_aware,E-FDS1-W,1.922860,20.880000,0.005860,0.630000,0.090100,0.0,0.2,0.290100,0.709900,2,DJI_LIBRARY_INCOMPLETE; analytical candidate only; substitution not executed
US7023628B1,L3,MODEL_1.917000_21.510,1.917000,21.510000,role_aware,M-FDS1,1.922860,20.880000,0.005860,0.630000,0.090100,0.0,0.2,0.290100,0.709900,3,DJI_LIBRARY_INCOMPLETE; analytical candidate only; substitution not executed
US7023628B1,L4,MODEL_1.729000_54.670,1.729000,54.670000,nearest_ndvd,TAC8,1.729160,54.670000,0.000160,0.000000,0.001600,0.0,0.0,0.001600,0.998400,1,DJI_LIBRARY_INCOMPLETE; analytical candidate only; substitution not executed
US7023628B1,L4,MODEL_1.729000_54.670,1.729000,54.670000,nearest_ndvd,H-LAK52,1.729160,54.684737,0.000160,0.014737,0.002337,0.0,0.0,0.002337,0.997663,2,DJI_LIBRARY_INCOMPLETE; analytical candidate only; substitution not executed
US7023628B1,L4,MODEL_1.729000_54.670,1.729000,54.670000,nearest_ndvd,TAC8P,1.729160,54.540000,0.000160,0.130000,0.008100,0.0,0.0,0.008100,0.991900,3,DJI_LIBRARY_INCOMPLETE; analytical candidate only; substitution not executed
US7023628B1,L4,MODEL_1.729000_54.670,1.729000,54.670000,role_aware,TAC8,1.729160,54.670000,0.000160,0.000000,0.001600,0.3,0.2,0.501600,0.498400,1,DJI_LIBRARY_INCOMPLETE; analytical candidate only; substitution not executed
US7023628B1,L4,MODEL_1.729000_54.670,1.729000,54.670000,role_aware,H-LAK52,1.729160,54.684737,0.000160,0.014737,0.002337,0.3,0.2,0.502337,0.497663,2,DJI_LIBRARY_INCOMPLETE; analytical candidate only; substitution not executed
US7023628B1,L4,MODEL_1.729000_54.670,1.729000,54.670000,role_aware,TAC8P,1.729160,54.540000,0.000160,0.130000,0.008100,0.3,0.2,0.508100,0.491900,3,DJI_LIBRARY_INCOMPLETE; analytical candidate only; substitution not executed
US7023628B1,L5,MODEL_1.917000_21.510,1.917000,21.510000,nearest_ndvd,E-FDS1,1.922860,20.880000,0.005860,0.630000,0.090100,0.0,0.0,0.090100,0.909900,1,DJI_LIBRARY_INCOMPLETE; analytical candidate only; substitution not executed
US7023628B1,L5,MODEL_1.917000_21.510,1.917000,21.510000,nearest_ndvd,E-FDS1-W,1.922860,20.880000,0.005860,0.630000,0.090100,0.0,0.0,0.090100,0.909900,2,DJI_LIBRARY_INCOMPLETE; analytical candidate only; substitution not executed
US7023628B1,L5,MODEL_1.917000_21.510,1.917000,21.510000,nearest_ndvd,M-FDS1,1.922860,20.880000,0.005860,0.630000,0.090100,0.0,0.0,0.090100,0.909900,3,DJI_LIBRARY_INCOMPLETE; analytical candidate only; substitution not executed
US7023628B1,L5,MODEL_1.917000_21.510,1.917000,21.510000,role_aware,E-FDS1,1.922860,20.880000,0.005860,0.630000,0.090100,0.0,0.2,0.290100,0.709900,1,DJI_LIBRARY_INCOMPLETE; analytical candidate only; substitution not executed
US7023628B1,L5,MODEL_1.917000_21.510,1.917000,21.510000,role_aware,E-FDS1-W,1.922860,20.880000,0.005860,0.630000,0.090100,0.0,0.2,0.290100,0.709900,2,DJI_LIBRARY_INCOMPLETE; analytical candidate only; substitution not executed
US7023628B1,L5,MODEL_1.917000_21.510,1.917000,21.510000,role_aware,M-FDS1,1.922860,20.880000,0.005860,0.630000,0.090100,0.0,0.2,0.290100,0.709900,3,DJI_LIBRARY_INCOMPLETE; analytical candidate only; substitution not executed
US7023628B1,L6,MODEL_1.640000_60.150,1.640000,60.150000,nearest_ndvd,LACL60,1.640000,60.200000,0.000000,0.050000,0.002500,0.0,0.0,0.002500,0.997500,1,DJI_LIBRARY_INCOMPLETE; analytical candidate only; substitution not executed
US7023628B1,L6,MODEL_1.640000_60.150,1.640000,60.150000,nearest_ndvd,H-LAK4L,1.640000,60.202769,0.000000,0.052769,0.002638,0.0,0.0,0.002638,0.997362,2,DJI_LIBRARY_INCOMPLETE; analytical candidate only; substitution not executed
US7023628B1,L6,MODEL_1.640000_60.150,1.640000,60.150000,nearest_ndvd,FAD61,1.654940,61.040000,0.014940,0.890000,0.193900,0.0,0.0,0.193900,0.806100,3,DJI_LIBRARY_INCOMPLETE; analytical candidate only; substitution not executed
US7023628B1,L6,MODEL_1.640000_60.150,1.640000,60.150000,role_aware,LACL60,1.640000,60.200000,0.000000,0.050000,0.002500,0.3,0.2,0.502500,0.497500,1,DJI_LIBRARY_INCOMPLETE; analytical candidate only; substitution not executed
US7023628B1,L6,MODEL_1.640000_60.150,1.640000,60.150000,role_aware,H-LAK4L,1.640000,60.202769,0.000000,0.052769,0.002638,0.3,0.2,0.502638,0.497362,2,DJI_LIBRARY_INCOMPLETE; analytical candidate only; substitution not executed
US7023628B1,L6,MODEL_1.640000_60.150,1.640000,60.150000,role_aware,FAD61,1.654940,61.040000,0.014940,0.890000,0.193900,0.3,0.2,0.693900,0.306100,3,DJI_LIBRARY_INCOMPLETE; analytical candidate only; substitution not executed
US7023628B1,cover,MODEL_1.516000_64.170,1.516000,64.170000,nearest_ndvd,D-K9,1.516330,64.058952,0.000330,0.111048,0.008852,0.0,0.0,0.008852,0.991148,1,DJI_LIBRARY_INCOMPLETE; analytical candidate only; substitution not executed
US7023628B1,cover,MODEL_1.516000_64.170,1.516000,64.170000,nearest_ndvd,D-K9GT,1.516330,64.058952,0.000330,0.111048,0.008852,0.0,0.0,0.008852,0.991148,2,DJI_LIBRARY_INCOMPLETE; analytical candidate only; substitution not executed
US7023628B1,cover,MODEL_1.516000_64.170,1.516000,64.170000,nearest_ndvd,H-K9LA,1.516800,64.198695,0.000800,0.028695,0.009435,0.0,0.0,0.009435,0.990565,3,DJI_LIBRARY_INCOMPLETE; analytical candidate only; substitution not executed
US7023628B1,cover,MODEL_1.516000_64.170,1.516000,64.170000,role_aware,D-K9,1.516330,64.058952,0.000330,0.111048,0.008852,0.3,0.2,0.508852,0.491148,1,DJI_LIBRARY_INCOMPLETE; analytical candidate only; substitution not executed
US7023628B1,cover,MODEL_1.516000_64.170,1.516000,64.170000,role_aware,D-K9GT,1.516330,64.058952,0.000330,0.111048,0.008852,0.3,0.2,0.508852,0.491148,2,DJI_LIBRARY_INCOMPLETE; analytical candidate only; substitution not executed
US7023628B1,cover,MODEL_1.516000_64.170,1.516000,64.170000,role_aware,H-K9LA,1.516800,64.198695,0.000800,0.028695,0.009435,0.3,0.2,0.509435,0.490565,3,DJI_LIBRARY_INCOMPLETE; analytical candidate only; substitution not executed
US7554753B2,L1,MODEL_1.516800_64.103,1.516800,64.103000,nearest_ndvd,H-K9LA,1.516800,64.198695,0.000000,0.095695,0.004785,0.0,0.0,0.004785,0.995215,1,DJI_LIBRARY_INCOMPLETE; analytical candidate only; substitution not executed
US7554753B2,L1,MODEL_1.516800_64.103,1.516800,64.103000,nearest_ndvd,H-K9LAGT,1.516800,64.198695,0.000000,0.095695,0.004785,0.0,0.0,0.004785,0.995215,2,DJI_LIBRARY_INCOMPLETE; analytical candidate only; substitution not executed
US7554753B2,L1,MODEL_1.516800_64.103,1.516800,64.103000,nearest_ndvd,H-K9L,1.516800,64.198732,0.000000,0.095732,0.004787,0.0,0.0,0.004787,0.995213,3,DJI_LIBRARY_INCOMPLETE; analytical candidate only; substitution not executed
US7554753B2,L1,MODEL_1.516800_64.103,1.516800,64.103000,role_aware,H-K9LA,1.516800,64.198695,0.000000,0.095695,0.004785,0.8,0.2,1.004785,0.000000,1,DJI_LIBRARY_INCOMPLETE; analytical candidate only; substitution not executed
US7554753B2,L1,MODEL_1.516800_64.103,1.516800,64.103000,role_aware,H-K9LAGT,1.516800,64.198695,0.000000,0.095695,0.004785,0.8,0.2,1.004785,0.000000,2,DJI_LIBRARY_INCOMPLETE; analytical candidate only; substitution not executed
US7554753B2,L1,MODEL_1.516800_64.103,1.516800,64.103000,role_aware,H-K9L,1.516800,64.198732,0.000000,0.095732,0.004787,0.8,0.2,1.004787,0.000000,3,DJI_LIBRARY_INCOMPLETE; analytical candidate only; substitution not executed
US7554753B2,L2,MODEL_1.516800_64.103,1.516800,64.103000,nearest_ndvd,H-K9LA,1.516800,64.198695,0.000000,0.095695,0.004785,0.0,0.0,0.004785,0.995215,1,DJI_LIBRARY_INCOMPLETE; analytical candidate only; substitution not executed
US7554753B2,L2,MODEL_1.516800_64.103,1.516800,64.103000,nearest_ndvd,H-K9LAGT,1.516800,64.198695,0.000000,0.095695,0.004785,0.0,0.0,0.004785,0.995215,2,DJI_LIBRARY_INCOMPLETE; analytical candidate only; substitution not executed
US7554753B2,L2,MODEL_1.516800_64.103,1.516800,64.103000,nearest_ndvd,H-K9L,1.516800,64.198732,0.000000,0.095732,0.004787,0.0,0.0,0.004787,0.995213,3,DJI_LIBRARY_INCOMPLETE; analytical candidate only; substitution not executed
US7554753B2,L2,MODEL_1.516800_64.103,1.516800,64.103000,role_aware,H-K9LA,1.516800,64.198695,0.000000,0.095695,0.004785,0.8,0.2,1.004785,0.000000,1,DJI_LIBRARY_INCOMPLETE; analytical candidate only; substitution not executed
US7554753B2,L2,MODEL_1.516800_64.103,1.516800,64.103000,role_aware,H-K9LAGT,1.516800,64.198695,0.000000,0.095695,0.004785,0.8,0.2,1.004785,0.000000,2,DJI_LIBRARY_INCOMPLETE; analytical candidate only; substitution not executed
US7554753B2,L2,MODEL_1.516800_64.103,1.516800,64.103000,role_aware,H-K9L,1.516800,64.198732,0.000000,0.095732,0.004787,0.8,0.2,1.004787,0.000000,3,DJI_LIBRARY_INCOMPLETE; analytical candidate only; substitution not executed
US7554753B2,L3a,MODEL_1.620409_60.140,1.620409,60.140000,nearest_ndvd,H-ZK9B,1.620410,60.339343,0.000001,0.199343,0.009977,0.0,0.0,0.009977,0.990023,1,DJI_LIBRARY_INCOMPLETE; analytical candidate only; substitution not executed
US7554753B2,L3a,MODEL_1.620409_60.140,1.620409,60.140000,nearest_ndvd,BACD16,1.620410,60.350000,0.000001,0.210000,0.010510,0.0,0.0,0.010510,0.989490,2,DJI_LIBRARY_INCOMPLETE; analytical candidate only; substitution not executed
US7554753B2,L3a,MODEL_1.620409_60.140,1.620409,60.140000,nearest_ndvd,H-ZK9A,1.620412,60.368242,0.000003,0.228242,0.011442,0.0,0.0,0.011442,0.988558,3,DJI_LIBRARY_INCOMPLETE; analytical candidate only; substitution not executed
US7554753B2,L3a,MODEL_1.620409_60.140,1.620409,60.140000,role_aware,H-ZK9B,1.620410,60.339343,0.000001,0.199343,0.009977,0.0,0.2,0.209977,0.790023,1,DJI_LIBRARY_INCOMPLETE; analytical candidate only; substitution not executed
US7554753B2,L3a,MODEL_1.620409_60.140,1.620409,60.140000,role_aware,BACD16,1.620410,60.350000,0.000001,0.210000,0.010510,0.0,0.2,0.210510,0.789490,2,DJI_LIBRARY_INCOMPLETE; analytical candidate only; substitution not executed
US7554753B2,L3a,MODEL_1.620409_60.140,1.620409,60.140000,role_aware,H-ZK9A,1.620412,60.368242,0.000003,0.228242,0.011442,0.0,0.2,0.211442,0.788558,3,DJI_LIBRARY_INCOMPLETE; analytical candidate only; substitution not executed
US7554753B2,L3b,MODEL_1.672700_32.170,1.672700,32.170000,nearest_ndvd,E-FD5,1.672700,32.170000,0.000000,0.000000,0.000000,0.0,0.0,0.000000,1.000000,1,DJI_LIBRARY_INCOMPLETE; analytical candidate only; substitution not executed
US7554753B2,L3b,MODEL_1.672700_32.170,1.672700,32.170000,nearest_ndvd,H-ZF2,1.672700,32.171186,0.000000,0.001186,0.000059,0.0,0.0,0.000059,0.999941,2,DJI_LIBRARY_INCOMPLETE; analytical candidate only; substitution not executed
US7554753B2,L3b,MODEL_1.672700_32.170,1.672700,32.170000,nearest_ndvd,ZF2,1.672707,32.180986,0.000007,0.010986,0.000619,0.0,0.0,0.000619,0.999381,3,DJI_LIBRARY_INCOMPLETE; analytical candidate only; substitution not executed
US7554753B2,L3b,MODEL_1.672700_32.170,1.672700,32.170000,role_aware,E-FD5,1.672700,32.170000,0.000000,0.000000,0.000000,0.0,0.2,0.200000,0.800000,1,DJI_LIBRARY_INCOMPLETE; analytical candidate only; substitution not executed
US7554753B2,L3b,MODEL_1.672700_32.170,1.672700,32.170000,role_aware,H-ZF2,1.672700,32.171186,0.000000,0.001186,0.000059,0.0,0.2,0.200059,0.799941,2,DJI_LIBRARY_INCOMPLETE; analytical candidate only; substitution not executed
US7554753B2,L3b,MODEL_1.672700_32.170,1.672700,32.170000,role_aware,ZF2,1.672707,32.180986,0.000007,0.010986,0.000619,0.0,0.2,0.200619,0.799381,3,DJI_LIBRARY_INCOMPLETE; analytical candidate only; substitution not executed
US7554753B2,L4,MODEL_1.603001_65.416,1.603001,65.416000,nearest_ndvd,H-ZPK2A,1.603001,65.459620,0.000000,0.043620,0.002181,0.0,0.0,0.002181,0.997819,1,DJI_LIBRARY_INCOMPLETE; analytical candidate only; substitution not executed
US7554753B2,L4,MODEL_1.603001_65.416,1.603001,65.416000,nearest_ndvd,LBC3N,1.606250,63.720000,0.003249,1.696000,0.117290,0.0,0.0,0.117290,0.882710,2,DJI_LIBRARY_INCOMPLETE; analytical candidate only; substitution not executed
US7554753B2,L4,MODEL_1.603001_65.416,1.603001,65.416000,nearest_ndvd,PCD51,1.593490,67.000000,0.009511,1.584000,0.174310,0.0,0.0,0.174310,0.825690,3,DJI_LIBRARY_INCOMPLETE; analytical candidate only; substitution not executed
US7554753B2,L4,MODEL_1.603001_65.416,1.603001,65.416000,role_aware,H-ZPK2A,1.603001,65.459620,0.000000,0.043620,0.002181,0.3,0.2,0.502181,0.497819,1,DJI_LIBRARY_INCOMPLETE; analytical candidate only; substitution not executed
US7554753B2,L4,MODEL_1.603001_65.416,1.603001,65.416000,role_aware,LBC3N,1.606250,63.720000,0.003249,1.696000,0.117290,0.3,0.2,0.617290,0.382710,2,DJI_LIBRARY_INCOMPLETE; analytical candidate only; substitution not executed
US7554753B2,L4,MODEL_1.603001_65.416,1.603001,65.416000,role_aware,PCD51,1.593490,67.000000,0.009511,1.584000,0.174310,0.3,0.2,0.674310,0.325690,3,DJI_LIBRARY_INCOMPLETE; analytical candidate only; substitution not executed
US7554753B2,L5a,MODEL_1.744000_45.001,1.744000,45.001000,nearest_ndvd,H-LAF3B,1.744000,44.900027,0.000000,0.100973,0.005049,0.0,0.0,0.005049,0.994951,1,DJI_LIBRARY_INCOMPLETE; analytical candidate only; substitution not executed
US7554753B2,L5a,MODEL_1.744000_45.001,1.744000,45.001000,nearest_ndvd,LAF2,1.744000,44.900000,0.000000,0.101000,0.005050,0.0,0.0,0.005050,0.994950,2,DJI_LIBRARY_INCOMPLETE; analytical candidate only; substitution not executed
US7554753B2,L5a,MODEL_1.744000_45.001,1.744000,45.001000,nearest_ndvd,NBF1,1.743300,49.220000,0.000700,4.219000,0.217950,0.0,0.0,0.217950,0.782050,3,DJI_LIBRARY_INCOMPLETE; analytical candidate only; substitution not executed
US7554753B2,L5a,MODEL_1.744000_45.001,1.744000,45.001000,role_aware,H-LAF3B,1.744000,44.900027,0.000000,0.100973,0.005049,0.3,0.2,0.505049,0.494951,1,DJI_LIBRARY_INCOMPLETE; analytical candidate only; substitution not executed
US7554753B2,L5a,MODEL_1.744000_45.001,1.744000,45.001000,role_aware,LAF2,1.744000,44.900000,0.000000,0.101000,0.005050,0.3,0.2,0.505050,0.494950,2,DJI_LIBRARY_INCOMPLETE; analytical candidate only; substitution not executed
US7554753B2,L5a,MODEL_1.744000_45.001,1.744000,45.001000,role_aware,NBF1,1.743300,49.220000,0.000700,4.219000,0.217950,0.3,0.2,0.717950,0.282050,3,DJI_LIBRARY_INCOMPLETE; analytical candidate only; substitution not executed
US7554753B2,L5b,MODEL_1.755200_27.613,1.755200,27.613000,nearest_ndvd,ZF6,1.755205,27.546239,0.000005,0.066761,0.003388,0.0,0.0,0.003388,0.996612,1,DJI_LIBRARY_INCOMPLETE; analytical candidate only; substitution not executed
US7554753B2,L5b,MODEL_1.755200_27.613,1.755200,27.613000,nearest_ndvd,H-ZF6,1.755200,27.530047,0.000000,0.082953,0.004148,0.0,0.0,0.004148,0.995852,2,DJI_LIBRARY_INCOMPLETE; analytical candidate only; substitution not executed
US7554753B2,L5b,MODEL_1.755200_27.613,1.755200,27.613000,nearest_ndvd,E-FD4,1.755200,27.530000,0.000000,0.083000,0.004150,0.0,0.0,0.004150,0.995850,3,DJI_LIBRARY_INCOMPLETE; analytical candidate only; substitution not executed
US7554753B2,L5b,MODEL_1.755200_27.613,1.755200,27.613000,role_aware,ZF6,1.755205,27.546239,0.000005,0.066761,0.003388,0.0,0.2,0.203388,0.796612,1,DJI_LIBRARY_INCOMPLETE; analytical candidate only; substitution not executed
US7554753B2,L5b,MODEL_1.755200_27.613,1.755200,27.613000,role_aware,H-ZF6,1.755200,27.530047,0.000000,0.082953,0.004148,0.0,0.2,0.204148,0.795852,2,DJI_LIBRARY_INCOMPLETE; analytical candidate only; substitution not executed
US7554753B2,L5b,MODEL_1.755200_27.613,1.755200,27.613000,role_aware,E-FD4,1.755200,27.530000,0.000000,0.083000,0.004150,0.0,0.2,0.204150,0.795850,3,DJI_LIBRARY_INCOMPLETE; analytical candidate only; substitution not executed
US7554753B2,L5c,MODEL_1.603110_60.645,1.603110,60.645000,nearest_ndvd,H-ZK14,1.603110,60.603787,0.000000,0.041213,0.002061,0.0,0.0,0.002061,0.997939,1,DJI_LIBRARY_INCOMPLETE; analytical candidate only; substitution not executed
US7554753B2,L5c,MODEL_1.603110_60.645,1.603110,60.645000,nearest_ndvd,BACD14,1.603110,60.700000,0.000000,0.055000,0.002750,0.0,0.0,0.002750,0.997250,2,DJI_LIBRARY_INCOMPLETE; analytical candidate only; substitution not executed
US7554753B2,L5c,MODEL_1.603110_60.645,1.603110,60.645000,nearest_ndvd,FCD600,1.594100,60.470000,0.009010,0.175000,0.098850,0.0,0.0,0.098850,0.901150,3,DJI_LIBRARY_INCOMPLETE; analytical candidate only; substitution not executed
US7554753B2,L5c,MODEL_1.603110_60.645,1.603110,60.645000,role_aware,H-ZK14,1.603110,60.603787,0.000000,0.041213,0.002061,0.3,0.2,0.502061,0.497939,1,DJI_LIBRARY_INCOMPLETE; analytical candidate only; substitution not executed
US7554753B2,L5c,MODEL_1.603110_60.645,1.603110,60.645000,role_aware,BACD14,1.603110,60.700000,0.000000,0.055000,0.002750,0.3,0.2,0.502750,0.497250,2,DJI_LIBRARY_INCOMPLETE; analytical candidate only; substitution not executed
US7554753B2,L5c,MODEL_1.603110_60.645,1.603110,60.645000,role_aware,FCD600,1.594100,60.470000,0.009010,0.175000,0.098850,0.3,0.2,0.598850,0.401150,3,DJI_LIBRARY_INCOMPLETE; analytical candidate only; substitution not executed
US7554753B2,L6,MODEL_1.516800_64.103,1.516800,64.103000,nearest_ndvd,H-K9LA,1.516800,64.198695,0.000000,0.095695,0.004785,0.0,0.0,0.004785,0.995215,1,DJI_LIBRARY_INCOMPLETE; analytical candidate only; substitution not executed
US7554753B2,L6,MODEL_1.516800_64.103,1.516800,64.103000,nearest_ndvd,H-K9LAGT,1.516800,64.198695,0.000000,0.095695,0.004785,0.0,0.0,0.004785,0.995215,2,DJI_LIBRARY_INCOMPLETE; analytical candidate only; substitution not executed
US7554753B2,L6,MODEL_1.516800_64.103,1.516800,64.103000,nearest_ndvd,H-K9L,1.516800,64.198732,0.000000,0.095732,0.004787,0.0,0.0,0.004787,0.995213,3,DJI_LIBRARY_INCOMPLETE; analytical candidate only; substitution not executed
US7554753B2,L6,MODEL_1.516800_64.103,1.516800,64.103000,role_aware,H-K9LA,1.516800,64.198695,0.000000,0.095695,0.004785,0.0,0.2,0.204785,0.795215,1,DJI_LIBRARY_INCOMPLETE; analytical candidate only; substitution not executed
US7554753B2,L6,MODEL_1.516800_64.103,1.516800,64.103000,role_aware,H-K9LAGT,1.516800,64.198695,0.000000,0.095695,0.004785,0.0,0.2,0.204785,0.795215,2,DJI_LIBRARY_INCOMPLETE; analytical candidate only; substitution not executed
US7554753B2,L6,MODEL_1.516800_64.103,1.516800,64.103000,role_aware,H-K9L,1.516800,64.198732,0.000000,0.095732,0.004787,0.0,0.2,0.204787,0.795213,3,DJI_LIBRARY_INCOMPLETE; analytical candidate only; substitution not executed
US7554753B2,filter,MODEL_1.516800_64.103,1.516800,64.103000,nearest_ndvd,H-K9LA,1.516800,64.198695,0.000000,0.095695,0.004785,0.0,0.0,0.004785,0.995215,1,DJI_LIBRARY_INCOMPLETE; analytical candidate only; substitution not executed
US7554753B2,filter,MODEL_1.516800_64.103,1.516800,64.103000,nearest_ndvd,H-K9LAGT,1.516800,64.198695,0.000000,0.095695,0.004785,0.0,0.0,0.004785,0.995215,2,DJI_LIBRARY_INCOMPLETE; analytical candidate only; substitution not executed
US7554753B2,filter,MODEL_1.516800_64.103,1.516800,64.103000,nearest_ndvd,H-K9L,1.516800,64.198732,0.000000,0.095732,0.004787,0.0,0.0,0.004787,0.995213,3,DJI_LIBRARY_INCOMPLETE; analytical candidate only; substitution not executed
US7554753B2,filter,MODEL_1.516800_64.103,1.516800,64.103000,role_aware,H-K9LA,1.516800,64.198695,0.000000,0.095695,0.004785,0.3,0.2,0.504785,0.495215,1,DJI_LIBRARY_INCOMPLETE; analytical candidate only; substitution not executed
US7554753B2,filter,MODEL_1.516800_64.103,1.516800,64.103000,role_aware,H-K9LAGT,1.516800,64.198695,0.000000,0.095695,0.004785,0.3,0.2,0.504785,0.495215,2,DJI_LIBRARY_INCOMPLETE; analytical candidate only; substitution not executed
US7554753B2,filter,MODEL_1.516800_64.103,1.516800,64.103000,role_aware,H-K9L,1.516800,64.198732,0.000000,0.095732,0.004787,0.3,0.2,0.504787,0.495213,3,DJI_LIBRARY_INCOMPLETE; analytical candidate only; substitution not executed
US8064149B2,L1,E-LASF05,1.834600,42.720000,nearest_ndvd,TAFD5F,1.834810,42.720000,0.000210,0.000000,0.002100,0.0,0.0,0.002100,0.997900,1,DJI_LIBRARY_INCOMPLETE; analytical candidate only; substitution not executed
US8064149B2,L1,E-LASF05,1.834600,42.720000,nearest_ndvd,TAFD5G,1.834810,42.720000,0.000210,0.000000,0.002100,0.0,0.0,0.002100,0.997900,2,DJI_LIBRARY_INCOMPLETE; analytical candidate only; substitution not executed
US8064149B2,L1,E-LASF05,1.834600,42.720000,nearest_ndvd,H-ZLAF55D,1.834810,42.725177,0.000210,0.005177,0.002359,0.0,0.0,0.002359,0.997641,3,DJI_LIBRARY_INCOMPLETE; analytical candidate only; substitution not executed
US8064149B2,L1,E-LASF05,1.834600,42.720000,role_aware,TAFD5F,1.834810,42.720000,0.000210,0.000000,0.002100,0.0,0.0,0.002100,0.997900,1,DJI_LIBRARY_INCOMPLETE; analytical candidate only; substitution not executed
US8064149B2,L1,E-LASF05,1.834600,42.720000,role_aware,TAFD5G,1.834810,42.720000,0.000210,0.000000,0.002100,0.0,0.0,0.002100,0.997900,2,DJI_LIBRARY_INCOMPLETE; analytical candidate only; substitution not executed
US8064149B2,L1,E-LASF05,1.834600,42.720000,role_aware,H-ZLAF55D,1.834810,42.725177,0.000210,0.005177,0.002359,0.0,0.0,0.002359,0.997641,3,DJI_LIBRARY_INCOMPLETE; analytical candidate only; substitution not executed
US8064149B2,L2,E-LASF05,1.834600,42.720000,nearest_ndvd,TAFD5F,1.834810,42.720000,0.000210,0.000000,0.002100,0.0,0.0,0.002100,0.997900,1,DJI_LIBRARY_INCOMPLETE; analytical candidate only; substitution not executed
US8064149B2,L2,E-LASF05,1.834600,42.720000,nearest_ndvd,TAFD5G,1.834810,42.720000,0.000210,0.000000,0.002100,0.0,0.0,0.002100,0.997900,2,DJI_LIBRARY_INCOMPLETE; analytical candidate only; substitution not executed
US8064149B2,L2,E-LASF05,1.834600,42.720000,nearest_ndvd,H-ZLAF55D,1.834810,42.725177,0.000210,0.005177,0.002359,0.0,0.0,0.002359,0.997641,3,DJI_LIBRARY_INCOMPLETE; analytical candidate only; substitution not executed
US8064149B2,L2,E-LASF05,1.834600,42.720000,role_aware,TAFD5F,1.834810,42.720000,0.000210,0.000000,0.002100,0.0,0.0,0.002100,0.997900,1,DJI_LIBRARY_INCOMPLETE; analytical candidate only; substitution not executed
US8064149B2,L2,E-LASF05,1.834600,42.720000,role_aware,TAFD5G,1.834810,42.720000,0.000210,0.000000,0.002100,0.0,0.0,0.002100,0.997900,2,DJI_LIBRARY_INCOMPLETE; analytical candidate only; substitution not executed
US8064149B2,L2,E-LASF05,1.834600,42.720000,role_aware,H-ZLAF55D,1.834810,42.725177,0.000210,0.005177,0.002359,0.0,0.0,0.002359,0.997641,3,DJI_LIBRARY_INCOMPLETE; analytical candidate only; substitution not executed
US8064149B2,L3,E-SF11,1.784500,25.680000,nearest_ndvd,FD110,1.784720,25.720000,0.000220,0.040000,0.004200,0.0,0.0,0.004200,0.995800,1,DJI_LIBRARY_INCOMPLETE; analytical candidate only; substitution not executed
US8064149B2,L3,E-SF11,1.784500,25.680000,nearest_ndvd,H-ZF13,1.784720,25.720045,0.000220,0.040045,0.004202,0.0,0.0,0.004202,0.995798,2,DJI_LIBRARY_INCOMPLETE; analytical candidate only; substitution not executed
US8064149B2,L3,E-SF11,1.784500,25.680000,nearest_ndvd,H-ZF13GT,1.784720,25.720045,0.000220,0.040045,0.004202,0.0,0.0,0.004202,0.995798,3,DJI_LIBRARY_INCOMPLETE; analytical candidate only; substitution not executed
US8064149B2,L3,E-SF11,1.784500,25.680000,role_aware,FD110,1.784720,25.720000,0.000220,0.040000,0.004200,0.0,0.0,0.004200,0.995800,1,DJI_LIBRARY_INCOMPLETE; analytical candidate only; substitution not executed
US8064149B2,L3,E-SF11,1.784500,25.680000,role_aware,H-ZF13,1.784720,25.720045,0.000220,0.040045,0.004202,0.0,0.0,0.004202,0.995798,2,DJI_LIBRARY_INCOMPLETE; analytical candidate only; substitution not executed
US8064149B2,L3,E-SF11,1.784500,25.680000,role_aware,H-ZF13GT,1.784720,25.720045,0.000220,0.040045,0.004202,0.0,0.0,0.004202,0.995798,3,DJI_LIBRARY_INCOMPLETE; analytical candidate only; substitution not executed
US8064149B2,L4,E-LF5,1.581300,40.740000,nearest_ndvd,H-QF50A,1.581440,40.746424,0.000140,0.006424,0.001721,0.0,0.0,0.001721,0.998279,1,DJI_LIBRARY_INCOMPLETE; analytical candidate only; substitution not executed
US8064149B2,L4,E-LF5,1.581300,40.740000,nearest_ndvd,QF50,1.581440,40.885954,0.000140,0.145954,0.008698,0.0,0.0,0.008698,0.991302,2,DJI_LIBRARY_INCOMPLETE; analytical candidate only; substitution not executed
US8064149B2,L4,E-LF5,1.581300,40.740000,nearest_ndvd,QF50GTI,1.581440,40.885954,0.000140,0.145954,0.008698,0.0,0.0,0.008698,0.991302,3,DJI_LIBRARY_INCOMPLETE; analytical candidate only; substitution not executed
US8064149B2,L4,E-LF5,1.581300,40.740000,role_aware,H-QF50A,1.581440,40.746424,0.000140,0.006424,0.001721,0.3,0.0,0.301721,0.698279,1,DJI_LIBRARY_INCOMPLETE; analytical candidate only; substitution not executed
US8064149B2,L4,E-LF5,1.581300,40.740000,role_aware,QF50,1.581440,40.885954,0.000140,0.145954,0.008698,0.3,0.0,0.308698,0.691302,2,DJI_LIBRARY_INCOMPLETE; analytical candidate only; substitution not executed
US8064149B2,L4,E-LF5,1.581300,40.740000,role_aware,QF50GTI,1.581440,40.885954,0.000140,0.145954,0.008698,0.3,0.0,0.308698,0.691302,3,DJI_LIBRARY_INCOMPLETE; analytical candidate only; substitution not executed
US8064149B2,L5,E-SF6,1.804900,25.430000,nearest_ndvd,H-ZF7LA,1.805180,25.456256,0.000280,0.026256,0.004113,0.0,0.0,0.004113,0.995887,1,DJI_LIBRARY_INCOMPLETE; analytical candidate only; substitution not executed
US8064149B2,L5,E-SF6,1.804900,25.430000,nearest_ndvd,H-ZF7LAGT,1.805180,25.456256,0.000280,0.026256,0.004113,0.0,0.0,0.004113,0.995887,2,DJI_LIBRARY_INCOMPLETE; analytical candidate only; substitution not executed
US8064149B2,L5,E-SF6,1.804900,25.430000,nearest_ndvd,FD60,1.805180,25.460000,0.000280,0.030000,0.004300,0.0,0.0,0.004300,0.995700,3,DJI_LIBRARY_INCOMPLETE; analytical candidate only; substitution not executed
US8064149B2,L5,E-SF6,1.804900,25.430000,role_aware,H-ZF7LA,1.805180,25.456256,0.000280,0.026256,0.004113,0.0,0.0,0.004113,0.995887,1,DJI_LIBRARY_INCOMPLETE; analytical candidate only; substitution not executed
US8064149B2,L5,E-SF6,1.804900,25.430000,role_aware,H-ZF7LAGT,1.805180,25.456256,0.000280,0.026256,0.004113,0.0,0.0,0.004113,0.995887,2,DJI_LIBRARY_INCOMPLETE; analytical candidate only; substitution not executed
US8064149B2,L5,E-SF6,1.804900,25.430000,role_aware,FD60,1.805180,25.460000,0.000280,0.030000,0.004300,0.0,0.0,0.004300,0.995700,3,DJI_LIBRARY_INCOMPLETE; analytical candidate only; substitution not executed
US8064149B2,L6,E-PSK02,1.617900,63.370000,nearest_ndvd,H-ZPK1A,1.618000,63.392702,0.000100,0.022702,0.002135,0.0,0.0,0.002135,0.997865,1,DJI_LIBRARY_INCOMPLETE; analytical candidate only; substitution not executed
US8064149B2,L6,E-PSK02,1.617900,63.370000,nearest_ndvd,PCD4,1.618000,63.400000,0.000100,0.030000,0.002500,0.0,0.0,0.002500,0.997500,2,DJI_LIBRARY_INCOMPLETE; analytical candidate only; substitution not executed
US8064149B2,L6,E-PSK02,1.617900,63.370000,nearest_ndvd,M-PCD4,1.618810,63.850000,0.000910,0.480000,0.033100,0.0,0.0,0.033100,0.966900,3,DJI_LIBRARY_INCOMPLETE; analytical candidate only; substitution not executed
US8064149B2,L6,E-PSK02,1.617900,63.370000,role_aware,H-ZPK1A,1.618000,63.392702,0.000100,0.022702,0.002135,0.0,0.0,0.002135,0.997865,1,DJI_LIBRARY_INCOMPLETE; analytical candidate only; substitution not executed
US8064149B2,L6,E-PSK02,1.617900,63.370000,role_aware,PCD4,1.618000,63.400000,0.000100,0.030000,0.002500,0.0,0.0,0.002500,0.997500,2,DJI_LIBRARY_INCOMPLETE; analytical candidate only; substitution not executed
US8064149B2,L6,E-PSK02,1.617900,63.370000,role_aware,M-PCD4,1.618810,63.850000,0.000910,0.480000,0.033100,0.0,0.0,0.033100,0.966900,3,DJI_LIBRARY_INCOMPLETE; analytical candidate only; substitution not executed
US8064149B2,L7,E-PSK02,1.617900,63.370000,nearest_ndvd,H-ZPK1A,1.618000,63.392702,0.000100,0.022702,0.002135,0.0,0.0,0.002135,0.997865,1,DJI_LIBRARY_INCOMPLETE; analytical candidate only; substitution not executed
US8064149B2,L7,E-PSK02,1.617900,63.370000,nearest_ndvd,PCD4,1.618000,63.400000,0.000100,0.030000,0.002500,0.0,0.0,0.002500,0.997500,2,DJI_LIBRARY_INCOMPLETE; analytical candidate only; substitution not executed
US8064149B2,L7,E-PSK02,1.617900,63.370000,nearest_ndvd,M-PCD4,1.618810,63.850000,0.000910,0.480000,0.033100,0.0,0.0,0.033100,0.966900,3,DJI_LIBRARY_INCOMPLETE; analytical candidate only; substitution not executed
US8064149B2,L7,E-PSK02,1.617900,63.370000,role_aware,H-ZPK1A,1.618000,63.392702,0.000100,0.022702,0.002135,0.0,0.0,0.002135,0.997865,1,DJI_LIBRARY_INCOMPLETE; analytical candidate only; substitution not executed
US8064149B2,L7,E-PSK02,1.617900,63.370000,role_aware,PCD4,1.618000,63.400000,0.000100,0.030000,0.002500,0.0,0.0,0.002500,0.997500,2,DJI_LIBRARY_INCOMPLETE; analytical candidate only; substitution not executed
US8064149B2,L7,E-PSK02,1.617900,63.370000,role_aware,M-PCD4,1.618810,63.850000,0.000910,0.480000,0.033100,0.0,0.0,0.033100,0.966900,3,DJI_LIBRARY_INCOMPLETE; analytical candidate only; substitution not executed
US8064149B2,filter,E-BK7,1.516700,64.100000,nearest_ndvd,D-K9,1.516330,64.058952,0.000370,0.041048,0.005752,0.0,0.0,0.005752,0.994248,1,DJI_LIBRARY_INCOMPLETE; analytical candidate only; substitution not executed
US8064149B2,filter,E-BK7,1.516700,64.100000,nearest_ndvd,D-K9GT,1.516330,64.058952,0.000370,0.041048,0.005752,0.0,0.0,0.005752,0.994248,2,DJI_LIBRARY_INCOMPLETE; analytical candidate only; substitution not executed
US8064149B2,filter,E-BK7,1.516700,64.100000,nearest_ndvd,H-K9LA,1.516800,64.198695,0.000100,0.098695,0.005935,0.0,0.0,0.005935,0.994065,3,DJI_LIBRARY_INCOMPLETE; analytical candidate only; substitution not executed
US8064149B2,filter,E-BK7,1.516700,64.100000,role_aware,D-K9,1.516330,64.058952,0.000370,0.041048,0.005752,0.3,0.0,0.305752,0.694248,1,DJI_LIBRARY_INCOMPLETE; analytical candidate only; substitution not executed
US8064149B2,filter,E-BK7,1.516700,64.100000,role_aware,D-K9GT,1.516330,64.058952,0.000370,0.041048,0.005752,0.3,0.0,0.305752,0.694248,2,DJI_LIBRARY_INCOMPLETE; analytical candidate only; substitution not executed
US8064149B2,filter,E-BK7,1.516700,64.100000,role_aware,H-K9LA,1.516800,64.198695,0.000100,0.098695,0.005935,0.3,0.0,0.305935,0.694065,3,DJI_LIBRARY_INCOMPLETE; analytical candidate only; substitution not executed
CN106154501A,L1,H-ZF7LA,1.910000,35.300000,nearest_ndvd,H-ZLAF4LB,1.910820,35.282389,0.000820,0.017611,0.009081,0.0,0.0,0.009081,0.990919,1,DJI_LIBRARY_INCOMPLETE; analytical candidate only; substitution not executed
CN106154501A,L1,H-ZF7LA,1.910000,35.300000,nearest_ndvd,H-ZLAF4LA,1.910820,35.250340,0.000820,0.049660,0.010683,0.0,0.0,0.010683,0.989317,2,DJI_LIBRARY_INCOMPLETE; analytical candidate only; substitution not executed
CN106154501A,L1,H-ZF7LA,1.910000,35.300000,nearest_ndvd,TAFD35,1.910820,35.250000,0.000820,0.050000,0.010700,0.0,0.0,0.010700,0.989300,3,DJI_LIBRARY_INCOMPLETE; analytical candidate only; substitution not executed
CN106154501A,L1,H-ZF7LA,1.910000,35.300000,role_aware,TAFD33,1.881000,40.140000,0.029000,4.840000,0.532000,0.0,0.0,0.532000,0.468000,1,DJI_LIBRARY_INCOMPLETE; analytical candidate only; substitution not executed
CN106154501A,L1,H-ZF7LA,1.910000,35.300000,role_aware,H-ZLAF73,1.881000,40.161331,0.029000,4.861331,0.533067,0.0,0.0,0.533067,0.466933,2,DJI_LIBRARY_INCOMPLETE; analytical candidate only; substitution not executed
CN106154501A,L1,H-ZF7LA,1.910000,35.300000,role_aware,H-ZLAF68B,1.883004,40.806875,0.026996,5.506875,0.545304,0.0,0.0,0.545304,0.454696,3,DJI_LIBRARY_INCOMPLETE; analytical candidate only; substitution not executed
CN106154501A,L2,H-QK3L,1.595000,67.700000,nearest_ndvd,D-ZPK3,1.594190,67.295385,0.000810,0.404615,0.028331,0.0,0.0,0.028331,0.971669,1,DJI_LIBRARY_INCOMPLETE; analytical candidate only; substitution not executed
CN106154501A,L2,H-QK3L,1.595000,67.700000,nearest_ndvd,H-ZPK3,1.593490,67.285372,0.001510,0.414628,0.035831,0.0,0.0,0.035831,0.964169,2,DJI_LIBRARY_INCOMPLETE; analytical candidate only; substitution not executed
CN106154501A,L2,H-QK3L,1.595000,67.700000,nearest_ndvd,D-ZPK3-25,1.593270,67.226420,0.001730,0.473580,0.040979,0.0,0.0,0.040979,0.959021,3,DJI_LIBRARY_INCOMPLETE; analytical candidate only; substitution not executed
CN106154501A,L2,H-QK3L,1.595000,67.700000,role_aware,D-ZPK3,1.594190,67.295385,0.000810,0.404615,0.028331,0.0,0.0,0.028331,0.971669,1,DJI_LIBRARY_INCOMPLETE; analytical candidate only; substitution not executed
CN106154501A,L2,H-QK3L,1.595000,67.700000,role_aware,H-ZPK3,1.593490,67.285372,0.001510,0.414628,0.035831,0.0,0.0,0.035831,0.964169,2,DJI_LIBRARY_INCOMPLETE; analytical candidate only; substitution not executed
CN106154501A,L2,H-QK3L,1.595000,67.700000,role_aware,D-ZPK3-25,1.593270,67.226420,0.001730,0.473580,0.040979,0.0,0.0,0.040979,0.959021,3,DJI_LIBRARY_INCOMPLETE; analytical candidate only; substitution not executed
CN106154501A,L3,H-ZK9B,1.640000,60.100000,nearest_ndvd,LACL60,1.640000,60.200000,0.000000,0.100000,0.005000,0.0,0.0,0.005000,0.995000,1,DJI_LIBRARY_INCOMPLETE; analytical candidate only; substitution not executed
CN106154501A,L3,H-ZK9B,1.640000,60.100000,nearest_ndvd,H-LAK4L,1.640000,60.202769,0.000000,0.102769,0.005138,0.0,0.0,0.005138,0.994862,2,DJI_LIBRARY_INCOMPLETE; analytical candidate only; substitution not executed
CN106154501A,L3,H-ZK9B,1.640000,60.100000,nearest_ndvd,FAD61,1.654940,61.040000,0.014940,0.940000,0.196400,0.0,0.0,0.196400,0.803600,3,DJI_LIBRARY_INCOMPLETE; analytical candidate only; substitution not executed
CN106154501A,L3,H-ZK9B,1.640000,60.100000,role_aware,LACL60,1.640000,60.200000,0.000000,0.100000,0.005000,0.0,0.0,0.005000,0.995000,1,DJI_LIBRARY_INCOMPLETE; analytical candidate only; substitution not executed
CN106154501A,L3,H-ZK9B,1.640000,60.100000,role_aware,H-LAK4L,1.640000,60.202769,0.000000,0.102769,0.005138,0.0,0.0,0.005138,0.994862,2,DJI_LIBRARY_INCOMPLETE; analytical candidate only; substitution not executed
CN106154501A,L3,H-ZK9B,1.640000,60.100000,role_aware,FAD61,1.654940,61.040000,0.014940,0.940000,0.196400,0.0,0.0,0.196400,0.803600,3,DJI_LIBRARY_INCOMPLETE; analytical candidate only; substitution not executed
CN106154501A,L4,H-ZK9A,1.620000,60.400000,nearest_ndvd,H-ZK9A,1.620412,60.368242,0.000412,0.031758,0.005708,0.0,0.0,0.005708,0.994292,1,DJI_LIBRARY_INCOMPLETE; analytical candidate only; substitution not executed
CN106154501A,L4,H-ZK9A,1.620000,60.400000,nearest_ndvd,BACD16,1.620410,60.350000,0.000410,0.050000,0.006600,0.0,0.0,0.006600,0.993400,2,DJI_LIBRARY_INCOMPLETE; analytical candidate only; substitution not executed
CN106154501A,L4,H-ZK9A,1.620000,60.400000,nearest_ndvd,H-ZK9B,1.620410,60.339343,0.000410,0.060657,0.007133,0.0,0.0,0.007133,0.992867,3,DJI_LIBRARY_INCOMPLETE; analytical candidate only; substitution not executed
CN106154501A,L4,H-ZK9A,1.620000,60.400000,role_aware,H-ZK9A,1.620412,60.368242,0.000412,0.031758,0.005708,0.0,0.0,0.005708,0.994292,1,DJI_LIBRARY_INCOMPLETE; analytical candidate only; substitution not executed
CN106154501A,L4,H-ZK9A,1.620000,60.400000,role_aware,BACD16,1.620410,60.350000,0.000410,0.050000,0.006600,0.0,0.0,0.006600,0.993400,2,DJI_LIBRARY_INCOMPLETE; analytical candidate only; substitution not executed
CN106154501A,L4,H-ZK9A,1.620000,60.400000,role_aware,H-ZK9B,1.620410,60.339343,0.000410,0.060657,0.007133,0.0,0.0,0.007133,0.992867,3,DJI_LIBRARY_INCOMPLETE; analytical candidate only; substitution not executed
CN106154501A,L5,H-ZBAF52A,1.700000,48.000000,nearest_ndvd,H-LAF51,1.700000,48.079839,0.000000,0.079839,0.003992,0.0,0.0,0.003992,0.996008,1,DJI_LIBRARY_INCOMPLETE; analytical candidate only; substitution not executed
CN106154501A,L5,H-ZBAF52A,1.700000,48.000000,nearest_ndvd,H-LAF1,1.693620,49.193837,0.006380,1.193837,0.123492,0.0,0.0,0.123492,0.876508,2,DJI_LIBRARY_INCOMPLETE; analytical candidate only; substitution not executed
CN106154501A,L5,H-ZBAF52A,1.700000,48.000000,nearest_ndvd,LAF3,1.717000,47.980000,0.017000,0.020000,0.171000,0.0,0.0,0.171000,0.829000,3,DJI_LIBRARY_INCOMPLETE; analytical candidate only; substitution not executed
CN106154501A,L5,H-ZBAF52A,1.700000,48.000000,role_aware,H-LAF51,1.700000,48.079839,0.000000,0.079839,0.003992,0.3,0.0,0.303992,0.696008,1,DJI_LIBRARY_INCOMPLETE; analytical candidate only; substitution not executed
CN106154501A,L5,H-ZBAF52A,1.700000,48.000000,role_aware,H-LAF1,1.693620,49.193837,0.006380,1.193837,0.123492,0.3,0.0,0.423492,0.576508,2,DJI_LIBRARY_INCOMPLETE; analytical candidate only; substitution not executed
CN106154501A,L5,H-ZBAF52A,1.700000,48.000000,role_aware,LAF3,1.717000,47.980000,0.017000,0.020000,0.171000,0.3,0.0,0.471000,0.529000,3,DJI_LIBRARY_INCOMPLETE; analytical candidate only; substitution not executed
CN106154501A,L6a,H-ZBAF52A,1.700000,48.000000,nearest_ndvd,H-LAF51,1.700000,48.079839,0.000000,0.079839,0.003992,0.0,0.0,0.003992,0.996008,1,DJI_LIBRARY_INCOMPLETE; analytical candidate only; substitution not executed
CN106154501A,L6a,H-ZBAF52A,1.700000,48.000000,nearest_ndvd,H-LAF1,1.693620,49.193837,0.006380,1.193837,0.123492,0.0,0.0,0.123492,0.876508,2,DJI_LIBRARY_INCOMPLETE; analytical candidate only; substitution not executed
CN106154501A,L6a,H-ZBAF52A,1.700000,48.000000,nearest_ndvd,LAF3,1.717000,47.980000,0.017000,0.020000,0.171000,0.0,0.0,0.171000,0.829000,3,DJI_LIBRARY_INCOMPLETE; analytical candidate only; substitution not executed
CN106154501A,L6a,H-ZBAF52A,1.700000,48.000000,role_aware,H-ZBAF21,1.723410,37.991564,0.023410,10.008436,0.734522,0.0,0.0,0.734522,0.265478,1,DJI_LIBRARY_INCOMPLETE; analytical candidate only; substitution not executed
CN106154501A,L6a,H-ZBAF52A,1.700000,48.000000,role_aware,BAFD8,1.723420,37.990000,0.023420,10.010000,0.734700,0.0,0.0,0.734700,0.265300,2,DJI_LIBRARY_INCOMPLETE; analytical candidate only; substitution not executed
CN106154501A,L6a,H-ZBAF52A,1.700000,48.000000,role_aware,H-LAF51,1.700000,48.079839,0.000000,0.079839,0.003992,0.8,0.0,0.803992,0.196008,3,DJI_LIBRARY_INCOMPLETE; analytical candidate only; substitution not executed
CN106154501A,L6b,H-ZF7LA,1.910000,35.300000,nearest_ndvd,H-ZLAF4LB,1.910820,35.282389,0.000820,0.017611,0.009081,0.0,0.0,0.009081,0.990919,1,DJI_LIBRARY_INCOMPLETE; analytical candidate only; substitution not executed
CN106154501A,L6b,H-ZF7LA,1.910000,35.300000,nearest_ndvd,H-ZLAF4LA,1.910820,35.250340,0.000820,0.049660,0.010683,0.0,0.0,0.010683,0.989317,2,DJI_LIBRARY_INCOMPLETE; analytical candidate only; substitution not executed
CN106154501A,L6b,H-ZF7LA,1.910000,35.300000,nearest_ndvd,TAFD35,1.910820,35.250000,0.000820,0.050000,0.010700,0.0,0.0,0.010700,0.989300,3,DJI_LIBRARY_INCOMPLETE; analytical candidate only; substitution not executed
CN106154501A,L6b,H-ZF7LA,1.910000,35.300000,role_aware,H-ZLAF4LB,1.910820,35.282389,0.000820,0.017611,0.009081,0.3,0.0,0.309081,0.690919,1,DJI_LIBRARY_INCOMPLETE; analytical candidate only; substitution not executed
CN106154501A,L6b,H-ZF7LA,1.910000,35.300000,role_aware,H-ZLAF4LA,1.910820,35.250340,0.000820,0.049660,0.010683,0.3,0.0,0.310683,0.689317,2,DJI_LIBRARY_INCOMPLETE; analytical candidate only; substitution not executed
CN106154501A,L6b,H-ZF7LA,1.910000,35.300000,role_aware,TAFD35,1.910820,35.250000,0.000820,0.050000,0.010700,0.3,0.0,0.310700,0.689300,3,DJI_LIBRARY_INCOMPLETE; analytical candidate only; substitution not executed
CN106154501A,L8,H-K9L,1.510000,64.100000,nearest_ndvd,H-K5,1.510072,63.364525,0.000072,0.735475,0.037494,0.0,0.0,0.037494,0.962506,1,DJI_LIBRARY_INCOMPLETE; analytical candidate only; substitution not executed
CN106154501A,L8,H-K9L,1.510000,64.100000,nearest_ndvd,D-K9-25,1.515770,63.989637,0.005770,0.110363,0.063218,0.0,0.0,0.063218,0.936782,2,DJI_LIBRARY_INCOMPLETE; analytical candidate only; substitution not executed
CN106154501A,L8,H-K9L,1.510000,64.100000,nearest_ndvd,D-K9GT-25,1.515770,63.989637,0.005770,0.110363,0.063218,0.0,0.0,0.063218,0.936782,3,DJI_LIBRARY_INCOMPLETE; analytical candidate only; substitution not executed
CN106154501A,L8,H-K9L,1.510000,64.100000,role_aware,H-K5,1.510072,63.364525,0.000072,0.735475,0.037494,0.3,0.0,0.337494,0.662506,1,DJI_LIBRARY_INCOMPLETE; analytical candidate only; substitution not executed
CN106154501A,L8,H-K9L,1.510000,64.100000,role_aware,D-K9-25,1.515770,63.989637,0.005770,0.110363,0.063218,0.3,0.0,0.363218,0.636782,2,DJI_LIBRARY_INCOMPLETE; analytical candidate only; substitution not executed
CN106154501A,L8,H-K9L,1.510000,64.100000,role_aware,D-K9GT-25,1.515770,63.989637,0.005770,0.110363,0.063218,0.3,0.0,0.363218,0.636782,3,DJI_LIBRARY_INCOMPLETE; analytical candidate only; substitution not executed
CN106154501A,L9,H-K9L,1.510000,64.100000,nearest_ndvd,H-K5,1.510072,63.364525,0.000072,0.735475,0.037494,0.0,0.0,0.037494,0.962506,1,DJI_LIBRARY_INCOMPLETE; analytical candidate only; substitution not executed
CN106154501A,L9,H-K9L,1.510000,64.100000,nearest_ndvd,D-K9-25,1.515770,63.989637,0.005770,0.110363,0.063218,0.0,0.0,0.063218,0.936782,2,DJI_LIBRARY_INCOMPLETE; analytical candidate only; substitution not executed
CN106154501A,L9,H-K9L,1.510000,64.100000,nearest_ndvd,D-K9GT-25,1.515770,63.989637,0.005770,0.110363,0.063218,0.0,0.0,0.063218,0.936782,3,DJI_LIBRARY_INCOMPLETE; analytical candidate only; substitution not executed
CN106154501A,L9,H-K9L,1.510000,64.100000,role_aware,H-K5,1.510072,63.364525,0.000072,0.735475,0.037494,0.3,0.0,0.337494,0.662506,1,DJI_LIBRARY_INCOMPLETE; analytical candidate only; substitution not executed
CN106154501A,L9,H-K9L,1.510000,64.100000,role_aware,D-K9-25,1.515770,63.989637,0.005770,0.110363,0.063218,0.3,0.0,0.363218,0.636782,2,DJI_LIBRARY_INCOMPLETE; analytical candidate only; substitution not executed
CN106154501A,L9,H-K9L,1.510000,64.100000,role_aware,D-K9GT-25,1.515770,63.989637,0.005770,0.110363,0.063218,0.3,0.0,0.363218,0.636782,3,DJI_LIBRARY_INCOMPLETE; analytical candidate only; substitution not executed
CN114047597A,L1,MODEL_1.910000_37.000,1.910000,37.000000,nearest_ndvd,H-ZLAF4LB,1.910820,35.282389,0.000820,1.717611,0.094081,0.0,0.0,0.094081,0.905919,1,DJI_LIBRARY_INCOMPLETE; analytical candidate only; substitution not executed
CN114047597A,L1,MODEL_1.910000_37.000,1.910000,37.000000,nearest_ndvd,H-ZLAF78B,1.900690,37.050531,0.009310,0.050531,0.095627,0.0,0.0,0.095627,0.904373,2,DJI_LIBRARY_INCOMPLETE; analytical candidate only; substitution not executed
CN114047597A,L1,MODEL_1.910000_37.000,1.910000,37.000000,nearest_ndvd,H-ZLAF4LA,1.910820,35.250340,0.000820,1.749660,0.095683,0.0,0.0,0.095683,0.904317,3,DJI_LIBRARY_INCOMPLETE; analytical candidate only; substitution not executed
CN114047597A,L1,MODEL_1.910000_37.000,1.910000,37.000000,role_aware,TAFD33,1.881000,40.140000,0.029000,3.140000,0.447000,0.0,0.2,0.647000,0.353000,1,DJI_LIBRARY_INCOMPLETE; analytical candidate only; substitution not executed
CN114047597A,L1,MODEL_1.910000_37.000,1.910000,37.000000,role_aware,H-ZLAF73,1.881000,40.161331,0.029000,3.161331,0.448067,0.0,0.2,0.648067,0.351933,2,DJI_LIBRARY_INCOMPLETE; analytical candidate only; substitution not executed
CN114047597A,L1,MODEL_1.910000_37.000,1.910000,37.000000,role_aware,H-ZLAF68B,1.883004,40.806875,0.026996,3.806875,0.460304,0.0,0.2,0.660304,0.339696,3,DJI_LIBRARY_INCOMPLETE; analytical candidate only; substitution not executed
CN114047597A,L2,MODEL_1.540000_55.700,1.540000,55.700000,nearest_ndvd,T62R,1.536497,55.980688,0.003503,0.280688,0.049064,0.0,0.0,0.049064,0.950936,1,DJI_LIBRARY_INCOMPLETE; analytical candidate only; substitution not executed
CN114047597A,L2,MODEL_1.540000_55.700,1.540000,55.700000,nearest_ndvd,K26R,1.535037,55.710700,0.004963,0.010700,0.050165,0.0,0.0,0.050165,0.949835,2,DJI_LIBRARY_INCOMPLETE; analytical candidate only; substitution not executed
CN114047597A,L2,MODEL_1.540000_55.700,1.540000,55.700000,nearest_ndvd,APL5013VH,1.543900,56.000000,0.003900,0.300000,0.054000,0.0,0.0,0.054000,0.946000,3,DJI_LIBRARY_INCOMPLETE; analytical candidate only; substitution not executed
CN114047597A,L2,MODEL_1.540000_55.700,1.540000,55.700000,role_aware,T62R,1.536497,55.980688,0.003503,0.280688,0.049064,0.0,0.2,0.249064,0.750936,1,DJI_LIBRARY_INCOMPLETE; analytical candidate only; substitution not executed
CN114047597A,L2,MODEL_1.540000_55.700,1.540000,55.700000,role_aware,K26R,1.535037,55.710700,0.004963,0.010700,0.050165,0.0,0.2,0.250165,0.749835,2,DJI_LIBRARY_INCOMPLETE; analytical candidate only; substitution not executed
CN114047597A,L2,MODEL_1.540000_55.700,1.540000,55.700000,role_aware,APL5013VH,1.543900,56.000000,0.003900,0.300000,0.054000,0.0,0.2,0.254000,0.746000,3,DJI_LIBRARY_INCOMPLETE; analytical candidate only; substitution not executed
CN114047597A,L3,MODEL_1.670000_20.400,1.670000,20.400000,nearest_ndvd,EP9000,1.671385,19.275802,0.001385,1.124198,0.070060,0.0,0.0,0.070060,0.929940,1,DJI_LIBRARY_INCOMPLETE; analytical candidate only; substitution not executed
CN114047597A,L3,MODEL_1.670000_20.400,1.670000,20.400000,nearest_ndvd,EP8000,1.661316,20.381513,0.008684,0.018487,0.087764,0.0,0.0,0.087764,0.912236,2,DJI_LIBRARY_INCOMPLETE; analytical candidate only; substitution not executed
CN114047597A,L3,MODEL_1.670000_20.400,1.670000,20.400000,nearest_ndvd,EP7000,1.650790,21.544648,0.019210,1.144648,0.249332,0.0,0.0,0.249332,0.750668,3,DJI_LIBRARY_INCOMPLETE; analytical candidate only; substitution not executed
CN114047597A,L3,MODEL_1.670000_20.400,1.670000,20.400000,role_aware,EP9000,1.671385,19.275802,0.001385,1.124198,0.070060,0.0,0.2,0.270060,0.729940,1,DJI_LIBRARY_INCOMPLETE; analytical candidate only; substitution not executed
CN114047597A,L3,MODEL_1.670000_20.400,1.670000,20.400000,role_aware,EP8000,1.661316,20.381513,0.008684,0.018487,0.087764,0.0,0.2,0.287764,0.712236,2,DJI_LIBRARY_INCOMPLETE; analytical candidate only; substitution not executed
CN114047597A,L3,MODEL_1.670000_20.400,1.670000,20.400000,role_aware,EP7000,1.650790,21.544648,0.019210,1.144648,0.249332,0.0,0.2,0.449332,0.550668,3,DJI_LIBRARY_INCOMPLETE; analytical candidate only; substitution not executed
CN114047597A,L4,MODEL_1.670000_20.400,1.670000,20.400000,nearest_ndvd,EP9000,1.671385,19.275802,0.001385,1.124198,0.070060,0.0,0.0,0.070060,0.929940,1,DJI_LIBRARY_INCOMPLETE; analytical candidate only; substitution not executed
CN114047597A,L4,MODEL_1.670000_20.400,1.670000,20.400000,nearest_ndvd,EP8000,1.661316,20.381513,0.008684,0.018487,0.087764,0.0,0.0,0.087764,0.912236,2,DJI_LIBRARY_INCOMPLETE; analytical candidate only; substitution not executed
CN114047597A,L4,MODEL_1.670000_20.400,1.670000,20.400000,nearest_ndvd,EP7000,1.650790,21.544648,0.019210,1.144648,0.249332,0.0,0.0,0.249332,0.750668,3,DJI_LIBRARY_INCOMPLETE; analytical candidate only; substitution not executed
CN114047597A,L4,MODEL_1.670000_20.400,1.670000,20.400000,role_aware,EP9000,1.671385,19.275802,0.001385,1.124198,0.070060,0.0,0.2,0.270060,0.729940,1,DJI_LIBRARY_INCOMPLETE; analytical candidate only; substitution not executed
CN114047597A,L4,MODEL_1.670000_20.400,1.670000,20.400000,role_aware,EP8000,1.661316,20.381513,0.008684,0.018487,0.087764,0.0,0.2,0.287764,0.712236,2,DJI_LIBRARY_INCOMPLETE; analytical candidate only; substitution not executed
CN114047597A,L4,MODEL_1.670000_20.400,1.670000,20.400000,role_aware,EP7000,1.650790,21.544648,0.019210,1.144648,0.249332,0.0,0.2,0.449332,0.550668,3,DJI_LIBRARY_INCOMPLETE; analytical candidate only; substitution not executed
CN114047597A,L5,MODEL_1.500000_81.600,1.500000,81.600000,nearest_ndvd,D-FK61A,1.497000,81.605419,0.003000,0.005419,0.030271,0.0,0.0,0.030271,0.969729,1,DJI_LIBRARY_INCOMPLETE; analytical candidate only; substitution not executed
CN114047597A,L5,MODEL_1.500000_81.600,1.500000,81.600000,nearest_ndvd,H-FK61B,1.497000,81.605419,0.003000,0.005419,0.030271,0.0,0.0,0.030271,0.969729,2,DJI_LIBRARY_INCOMPLETE; analytical candidate only; substitution not executed
CN114047597A,L5,MODEL_1.500000_81.600,1.500000,81.600000,nearest_ndvd,FCD1,1.497000,81.610000,0.003000,0.010000,0.030500,0.0,0.0,0.030500,0.969500,3,DJI_LIBRARY_INCOMPLETE; analytical candidate only; substitution not executed
CN114047597A,L5,MODEL_1.500000_81.600,1.500000,81.600000,role_aware,D-FK61A,1.497000,81.605419,0.003000,0.005419,0.030271,0.0,0.2,0.230271,0.769729,1,DJI_LIBRARY_INCOMPLETE; analytical candidate only; substitution not executed
CN114047597A,L5,MODEL_1.500000_81.600,1.500000,81.600000,role_aware,H-FK61B,1.497000,81.605419,0.003000,0.005419,0.030271,0.0,0.2,0.230271,0.769729,2,DJI_LIBRARY_INCOMPLETE; analytical candidate only; substitution not executed
CN114047597A,L5,MODEL_1.500000_81.600,1.500000,81.600000,role_aware,FCD1,1.497000,81.610000,0.003000,0.010000,0.030500,0.0,0.2,0.230500,0.769500,3,DJI_LIBRARY_INCOMPLETE; analytical candidate only; substitution not executed
CN114047597A,L6,MODEL_1.670000_20.400,1.670000,20.400000,nearest_ndvd,EP9000,1.671385,19.275802,0.001385,1.124198,0.070060,0.0,0.0,0.070060,0.929940,1,DJI_LIBRARY_INCOMPLETE; analytical candidate only; substitution not executed
CN114047597A,L6,MODEL_1.670000_20.400,1.670000,20.400000,nearest_ndvd,EP8000,1.661316,20.381513,0.008684,0.018487,0.087764,0.0,0.0,0.087764,0.912236,2,DJI_LIBRARY_INCOMPLETE; analytical candidate only; substitution not executed
CN114047597A,L6,MODEL_1.670000_20.400,1.670000,20.400000,nearest_ndvd,EP7000,1.650790,21.544648,0.019210,1.144648,0.249332,0.0,0.0,0.249332,0.750668,3,DJI_LIBRARY_INCOMPLETE; analytical candidate only; substitution not executed
CN114047597A,L6,MODEL_1.670000_20.400,1.670000,20.400000,role_aware,EP9000,1.671385,19.275802,0.001385,1.124198,0.070060,0.0,0.2,0.270060,0.729940,1,DJI_LIBRARY_INCOMPLETE; analytical candidate only; substitution not executed
CN114047597A,L6,MODEL_1.670000_20.400,1.670000,20.400000,role_aware,EP8000,1.661316,20.381513,0.008684,0.018487,0.087764,0.0,0.2,0.287764,0.712236,2,DJI_LIBRARY_INCOMPLETE; analytical candidate only; substitution not executed
CN114047597A,L6,MODEL_1.670000_20.400,1.670000,20.400000,role_aware,EP7000,1.650790,21.544648,0.019210,1.144648,0.249332,0.0,0.2,0.449332,0.550668,3,DJI_LIBRARY_INCOMPLETE; analytical candidate only; substitution not executed
CN114047597A,L7,MODEL_1.540000_55.700,1.540000,55.700000,nearest_ndvd,T62R,1.536497,55.980688,0.003503,0.280688,0.049064,0.0,0.0,0.049064,0.950936,1,DJI_LIBRARY_INCOMPLETE; analytical candidate only; substitution not executed
CN114047597A,L7,MODEL_1.540000_55.700,1.540000,55.700000,nearest_ndvd,K26R,1.535037,55.710700,0.004963,0.010700,0.050165,0.0,0.0,0.050165,0.949835,2,DJI_LIBRARY_INCOMPLETE; analytical candidate only; substitution not executed
CN114047597A,L7,MODEL_1.540000_55.700,1.540000,55.700000,nearest_ndvd,APL5013VH,1.543900,56.000000,0.003900,0.300000,0.054000,0.0,0.0,0.054000,0.946000,3,DJI_LIBRARY_INCOMPLETE; analytical candidate only; substitution not executed
CN114047597A,L7,MODEL_1.540000_55.700,1.540000,55.700000,role_aware,T62R,1.536497,55.980688,0.003503,0.280688,0.049064,0.3,0.2,0.549064,0.450936,1,DJI_LIBRARY_INCOMPLETE; analytical candidate only; substitution not executed
CN114047597A,L7,MODEL_1.540000_55.700,1.540000,55.700000,role_aware,K26R,1.535037,55.710700,0.004963,0.010700,0.050165,0.3,0.2,0.550165,0.449835,2,DJI_LIBRARY_INCOMPLETE; analytical candidate only; substitution not executed
CN114047597A,L7,MODEL_1.540000_55.700,1.540000,55.700000,role_aware,APL5013VH,1.543900,56.000000,0.003900,0.300000,0.054000,0.3,0.2,0.554000,0.446000,3,DJI_LIBRARY_INCOMPLETE; analytical candidate only; substitution not executed
CN114047597A,plate,MODEL_1.520000_64.200,1.520000,64.200000,nearest_ndvd,BSC7,1.516800,64.200000,0.003200,0.000000,0.032000,0.0,0.0,0.032000,0.968000,1,DJI_LIBRARY_INCOMPLETE; analytical candidate only; substitution not executed
CN114047597A,plate,MODEL_1.520000_64.200,1.520000,64.200000,nearest_ndvd,H-K9L,1.516800,64.198732,0.003200,0.001268,0.032063,0.0,0.0,0.032063,0.967937,2,DJI_LIBRARY_INCOMPLETE; analytical candidate only; substitution not executed
CN114047597A,plate,MODEL_1.520000_64.200,1.520000,64.200000,nearest_ndvd,H-K9L*,1.516800,64.198732,0.003200,0.001268,0.032063,0.0,0.0,0.032063,0.967937,3,DJI_LIBRARY_INCOMPLETE; analytical candidate only; substitution not executed
CN114047597A,plate,MODEL_1.520000_64.200,1.520000,64.200000,role_aware,BSC7,1.516800,64.200000,0.003200,0.000000,0.032000,0.3,0.2,0.532000,0.468000,1,DJI_LIBRARY_INCOMPLETE; analytical candidate only; substitution not executed
CN114047597A,plate,MODEL_1.520000_64.200,1.520000,64.200000,role_aware,H-K9L,1.516800,64.198732,0.003200,0.001268,0.032063,0.3,0.2,0.532063,0.467937,2,DJI_LIBRARY_INCOMPLETE; analytical candidate only; substitution not executed
CN114047597A,plate,MODEL_1.520000_64.200,1.520000,64.200000,role_aware,H-K9L*,1.516800,64.198732,0.003200,0.001268,0.032063,0.3,0.2,0.532063,0.467937,3,DJI_LIBRARY_INCOMPLETE; analytical candidate only; substitution not executed
